enabled,priority_rank,source_origin,source_type,source_ref,source_title,source_language,author_name,channel_url,description,keywords,published,published_at,published_post_ids
true,2,kcoc_shorts,short,https://www.youtube.com/shorts/_-I6iR6BKxo,Найкраще попереду #воскресіння  #bible #kcocua,uk,KCOC,https://www.youtube.com/@KCOC/shorts,,,,,
true,3,kcoc_shorts,short,https://www.youtube.com/shorts/HRjJXoYbBJo,Запрошуємо на Великоднє богослужіння 20.04.25 о 7 ранку в Собор Христа,uk,KCOC,https://www.youtube.com/@KCOC/shorts,,,,,
true,4,kcoc_shorts,short,https://www.youtube.com/shorts/lBHdwgc7Lgg,В кожному дні так багато речей за які ми вдячні Богу #подяка #сенс #thanksgiving,uk,KCOC,https://www.youtube.com/@KCOC/shorts,,,,,
true,5,kcoc_shorts,short,https://www.youtube.com/shorts/ziKvaO-5d1M,Це інтерв'ю варто почути... #kcocua,uk,KCOC,https://www.youtube.com/@KCOC/shorts,,,,,
true,6,kcoc_shorts,short,https://www.youtube.com/shorts/T6LdCZgDD8s,Очікування від Бога #бог #bible #kcocua,uk,KCOC,https://www.youtube.com/@KCOC/shorts,,,,,
true,7,kcoc_shorts,short,https://www.youtube.com/shorts/qP9WOnxoC9Q,Що Бог досягав в серці Йова? #бог #bible #kcocua,uk,KCOC,https://www.youtube.com/@KCOC/shorts,,,,,
true,8,kcoc_shorts,short,https://www.youtube.com/shorts/2s4DvOKSJTE,Неправильні очікування від Бога #бог #bible #kcocua,uk,KCOC,https://www.youtube.com/@KCOC/shorts,,,,,
true,12,kcoc_shorts,short,https://www.youtube.com/shorts/L-w7jP6US80,Попередня благодать #благодать #shorts #bible,uk,KCOC,https://www.youtube.com/@KCOC/shorts,,,,,
true,13,kcoc_shorts,short,https://www.youtube.com/shorts/zEFrdRs0ICY,Той Самий нащадок Єви #благодать #shorts #bible,uk,KCOC,https://www.youtube.com/@KCOC/shorts,,,,,
true,14,kcoc_shorts,short,https://www.youtube.com/shorts/C9kcSbc55aI,Приходь на богослужіння 14.07.24 о 14:00 / #kcocua #icoc #shorts,uk,KCOC,https://www.youtube.com/@KCOC/shorts,,,,,
true,15,kcoc_shorts,short,https://www.youtube.com/shorts/Ap0YrFwxkpI,Молитва в перші дні активної фази війни #kcocua #shorts,uk,KCOC,https://www.youtube.com/@KCOC/shorts,,,,,
true,16,kcoc_shorts,short,https://www.youtube.com/shorts/TG3Vkr0hE28,Під час випробовувань не дивись на інших #kcocua #shorts,uk,KCOC,https://www.youtube.com/@KCOC/shorts,,,,,
true,17,kcoc_shorts,short,https://www.youtube.com/shorts/0PvWbvYWSro,Чого споконвіку хоче Бог? #благодать #shorts #bible,uk,KCOC,https://www.youtube.com/@KCOC/shorts,,,,,
true,18,kcoc_shorts,short,https://www.youtube.com/shorts/92E6yY40jiQ,"Не буду брати в руки зброю, але боюсь осуду #kcocua #shorts",uk,KCOC,https://www.youtube.com/@KCOC/shorts,,,,,
true,19,kcoc_shorts,short,https://www.youtube.com/shorts/jKfDv0FRde0,Шлях Господа - це служіння. #kcocua #shorts,uk,KCOC,https://www.youtube.com/@KCOC/shorts,,,,,
true,20,kcoc_shorts,short,https://www.youtube.com/shorts/CfJhWOR6JdI,🎉 Вітаємо Харківську Церкву Христа з 30-річчям 😇 #khcocua #shorts,uk,KCOC,https://www.youtube.com/@KCOC/shorts,,,,,
true,21,kcoc_shorts,short,https://www.youtube.com/shorts/JpPn7cfeB-k,"Ісус тобі каже: ""Іди за Мною!"" #kcocua #shorts",uk,KCOC,https://www.youtube.com/@KCOC/shorts,,,,,
true,22,kcoc_shorts,short,https://www.youtube.com/shorts/vV0T6qO_KJY,В чому справжня значимість? Дізнаєшся у новому відео #благодать #духовнийрозвиток  #bible,uk,KCOC,https://www.youtube.com/@KCOC/shorts,,,,,
true,23,kcoc_shorts,short,https://www.youtube.com/shorts/Dtpgaq7Tqn0,Дивись нове відео про діючу благодать. Посилання в описі👇#благодать #духовнийрозвиток  #bible,uk,KCOC,https://www.youtube.com/@KCOC/shorts,,,,,
true,24,kcoc_shorts,short,https://www.youtube.com/shorts/CoJXj1G9N4U,Запрошуємо на святкове недільне зібрання Київської Церкви Христа 09.06 о 15:00 #kcocua #shorts,uk,KCOC,https://www.youtube.com/@KCOC/shorts,,,,,
true,25,kcoc_shorts,short,https://www.youtube.com/shorts/WqvcHipR1WY,Приходь на богослужіння 02.06.24 о 14:00 / #kcocua #icoc #god,uk,KCOC,https://www.youtube.com/@KCOC/shorts,,,,,
true,26,kcoc_shorts,short,https://www.youtube.com/shorts/nnBPalD0OJw,"Хочеш для себе доброго, приємного? - Божа воля #благодать #віра  #bible",uk,KCOC,https://www.youtube.com/@KCOC/shorts,,,,,
true,27,kcoc_shorts,short,https://www.youtube.com/shorts/q0DSUuapeWw,Який сенс нашого життя? - відповідь за посиланням в описі #благодать #сенсжиття #bible,uk,KCOC,https://www.youtube.com/@KCOC/shorts,,,,,
true,28,kcoc_shorts,short,https://www.youtube.com/shorts/vH8Ja-XPF0U,Як діє благодать? #благодать #shorts #bible,uk,KCOC,https://www.youtube.com/@KCOC/shorts,,,,,
true,29,kcoc_shorts,short,https://www.youtube.com/shorts/Zx6HyMW57Z4,Великдень 2024. Христос Воскрес! // #kcocua #icoc #kcoc #shorts #live,uk,KCOC,https://www.youtube.com/@KCOC/shorts,,,,,
true,30,kcoc_shorts,short,https://www.youtube.com/shorts/2WbzszSWX-M,Приходь на богослужіння 28.04.24 о 14:00 / #kcocua #icoc #kcoc #shorts,uk,KCOC,https://www.youtube.com/@KCOC/shorts,,,,,
true,31,kcoc_shorts,short,https://www.youtube.com/shorts/rwLo_BH24MY,"💗 Запрошуємо на жіночий семінар-практикум / 27.04.24, 15:00 #kcocua #kcoc #shorts",uk,KCOC,https://www.youtube.com/@KCOC/shorts,,,,,
true,32,kcoc_shorts,short,https://www.youtube.com/shorts/o3yTRNuuEQE,ВИЇЗД ОДРУЖЕНИХ 05-07.04.24 💞 #kcocua #icoc #kcoc #shorts,uk,KCOC,https://www.youtube.com/@KCOC/shorts,,,,,
true,36,kcoc_shorts,short,https://www.youtube.com/shorts/Y0TEgvPypEI,«Співайте Йому! Пісню хвали Йому співайте! Славте всі Його діла чудесні!» 🙌🏻‭‭ (Псалми‬ ‭105‬:‭2‬‬‬),uk,KCOC,https://www.youtube.com/@KCOC/shorts,,,,,
true,37,kcoc_shorts,short,https://www.youtube.com/shorts/lyb3Jyw7Crc,Запрошуємо на богослужіння 17.03.24 о 14:00 / #shorts,uk,KCOC,https://www.youtube.com/@KCOC/shorts,,,,,
true,38,kcoc_shorts,short,https://www.youtube.com/shorts/3EkQJ__GcSc,Запрошуємо на богослужіння 10.03.24 о 14:00 / #shorts,uk,KCOC,https://www.youtube.com/@KCOC/shorts,,,,,
true,39,kcoc_shorts,short,https://www.youtube.com/shorts/Vpa1JGI9cnM,Для тебе послання👆💌,uk,KCOC,https://www.youtube.com/@KCOC/shorts,,,,,
true,40,kcoc_shorts,short,https://www.youtube.com/shorts/Vi3nMQbO0Mk,💑 10.02.24 - вінчання Олександра та Юлії Звездецьких 💞 #shorts,uk,KCOC,https://www.youtube.com/@KCOC/shorts,,,,,
true,41,kcoc_shorts,short,https://www.youtube.com/shorts/AH1DMgSJHl4,Хотіли тобі нагадати☝🏻Його любов безумовна і досконала! 💖 #kcoc #KCOCUA #kievchurch,uk,KCOC,https://www.youtube.com/@KCOC/shorts,,,,,
true,42,kcoc_shorts,short,https://www.youtube.com/shorts/ojtXg-xSO6Q,ВЖЕ ЗАВТРА! 🚨Наші брати їдуть у чергову поїздку до прифронтових міст України 🇺🇦 #kcocua #kievchurch,uk,KCOC,https://www.youtube.com/@KCOC/shorts,,,,,
true,43,kcoc_shorts,short,https://www.youtube.com/shorts/6Fz4UIqF9rU,"«Блаженний той, хто слухає Слово Боже й дотримується його!» 🙏🏻📖😇Від Луки 11:28 #kcocua #kievchurch",uk,KCOC,https://www.youtube.com/@KCOC/shorts,,,,,
true,44,kcoc_shorts,short,https://www.youtube.com/shorts/QyD_FMmQgiI,Наша віра може творити дива! Нам просто потрібно робити якісь кроки для цього. Молитися про це 🙏🏻,uk,KCOC,https://www.youtube.com/@KCOC/shorts,,,,,
true,45,kcoc_shorts,short,https://www.youtube.com/shorts/x52wBWEzoN4,Суботнє зібрання молодіжки😍🔥,uk,KCOC,https://www.youtube.com/@KCOC/shorts,,,,,
true,46,kcoc_shorts,short,https://www.youtube.com/shorts/66S4pZfeUCc,Відзначайте друзів з якими ви так само запалюєте під улюблені пісні!,uk,KCOC,https://www.youtube.com/@KCOC/shorts,,,,,
true,47,kcoc_shorts,short,https://www.youtube.com/shorts/tHlDlFn3LJo,НЕДІЛЬНЕ БОГОСЛУЖІННЯ-ПОКЛОНІННЯ 💒🗣️✨  #kcocua #kievchurch  #kcocworship,uk,KCOC,https://www.youtube.com/@KCOC/shorts,,,,,
true,48,kcoc_shorts,short,https://www.youtube.com/shorts/Gku0xhi07Ws,"Запрошуємо 28 жовтня о 21:00 переглянути прем'єру вечора прославлення в таборі ""Вартові змін 2""",uk,KCOC,https://www.youtube.com/@KCOC/shorts,,,,,
true,49,kcoc_shorts,short,https://www.youtube.com/shorts/w29yDng_7v8,"Чекаємо вас на недільному зібранні! 14:00 ""Собор Христа"" Полуботка 34а",uk,KCOC,https://www.youtube.com/@KCOC/shorts,,,,,
true,50,kcoc_shorts,short,https://www.youtube.com/shorts/YMkhaPLtIXo,Дорогі мами та їх доньки!Нагадуємо про неймовірну можливість провести час разом 14-15.10 у МОЦ Фавор,uk,KCOC,https://www.youtube.com/@KCOC/shorts,,,,,
true,51,kcoc_shorts,short,https://www.youtube.com/shorts/rDmSZLAxmXM,"Відкрий Біблію, там у Бога є для тебе відповідь ❤️‍🩹",uk,KCOC,https://www.youtube.com/@KCOC/shorts,,,,,
true,52,kcoc_shorts,short,https://www.youtube.com/shorts/Sz_pZfEwgQ4,Посилання на проповідь: https://www.youtube.com/live/ZxVs2LsIWXE?feature=shared,uk,KCOC,https://www.youtube.com/@KCOC/shorts,,,,,
true,53,kcoc_shorts,short,https://www.youtube.com/shorts/6Pipxhqi0lo,"Невеликий шматочок нашого підліткового поклоніння в таборі ""Вартові змін 2""",uk,KCOC,https://www.youtube.com/@KCOC/shorts,,,,,
true,54,kcoc_shorts,short,https://www.youtube.com/shorts/6mmh03yY94I,"Вже завтра! 27.08 | 14:00 | «Собор Христа», Полуботка 34а",uk,KCOC,https://www.youtube.com/@KCOC/shorts,,,,,
true,55,kcoc_shorts,short,https://www.youtube.com/shorts/Upmq1LLItwA,Хрещення Вероніки Андронік - 08.08.23,uk,KCOC,https://www.youtube.com/@KCOC/shorts,,,,,
true,56,kcoc_shorts,short,https://www.youtube.com/shorts/d8pKmJ4ThIs,Хрещення Вадима Прокопенко - 06.08.23,uk,KCOC,https://www.youtube.com/@KCOC/shorts,,,,,
true,57,kcoc_shorts,short,https://www.youtube.com/shorts/ECyO9A6Q4AQ,Хрещення Северин Платона - 22.07.23,uk,KCOC,https://www.youtube.com/@KCOC/shorts,,,,,
true,58,kcoc_shorts,short,https://www.youtube.com/shorts/v0Xc8VstIRc,Хрещення Ріти Гетун - 09.07.23,uk,KCOC,https://www.youtube.com/@KCOC/shorts,,,,,
true,59,kcoc_shorts,short,https://www.youtube.com/shorts/SkAOmSfAXUA,Ціль: 30 000. Номер картки банки: 5375 4112 0697 6792,uk,KCOC,https://www.youtube.com/@KCOC/shorts,,,,,
true,60,kcoc_shorts,short,https://www.youtube.com/shorts/TPvpWIhvoyA,"Приїхавши до табору, Єва ще не знала, що саме тут через 5 днів, почнеться її нове життя з Богом 😍🙏🏼",uk,KCOC,https://www.youtube.com/@KCOC/shorts,,,,,
true,61,kcoc_shorts,short,https://www.youtube.com/shorts/tbdfNPuiTv8,А що є перемога для тебе?👇🏆,uk,KCOC,https://www.youtube.com/@KCOC/shorts,,,,,
true,62,kcoc_shorts,short,https://www.youtube.com/shorts/kK1XcBD5v-U,Поділіться у коментарях своїми улюбленими християнськими фільмами ⬇️,uk,KCOC,https://www.youtube.com/@KCOC/shorts,,,,,
true,63,kcoc_shorts,short,https://www.youtube.com/shorts/64N0yZSUjPc,"Цієї суботи відбудеться Біблійний простір ""Діяльність Святого Духа""",uk,KCOC,https://www.youtube.com/@KCOC/shorts,,,,,
true,64,kcoc_shorts,short,https://www.youtube.com/shorts/qDLg-A16Pkw,Дорогі друзі! Два тижні тому відбулася наша поїздка в Авдіївку 🇺🇦  Подробиці читай в коментарях 👇,uk,KCOC,https://www.youtube.com/@KCOC/shorts,,,,,
true,65,kcoc_shorts,short,https://www.youtube.com/shorts/uy2DXCMC9H8,Небеса радіють! 🥳За останній місяць у нас було 8 хрещень і 1 відновлення у Христі!,uk,KCOC,https://www.youtube.com/@KCOC/shorts,,,,,
true,66,kcoc_shorts,short,https://www.youtube.com/shorts/oWa_MD7hiiU,"Друзі, вже цієї середи (21.06) відбудеться наша чергова поїздка в Авдіївку 🇺🇦",uk,KCOC,https://www.youtube.com/@KCOC/shorts,,,,,
true,67,kcoc_shorts,short,https://www.youtube.com/shorts/drKF5kZuvbs,"Давайте ще раз зануримося в цей особливий день , День Народження Київської Церкви Христа🎉",uk,KCOC,https://www.youtube.com/@KCOC/shorts,,,,,
true,68,kcoc_shorts,short,https://www.youtube.com/shorts/IaPRAb0joZY,Бог живе всередині вас ❤️Починаючи це усвідомлювати життя може координально зміниться 🙌🏻,uk,KCOC,https://www.youtube.com/@KCOC/shorts,,,,,
true,69,kcoc_shorts,short,https://www.youtube.com/shorts/CdB9gTGVfpY,Ось так і пройшов наш молодіжний християнський стендап! 🔥Величезна подяка львівській молоді!❤️,uk,KCOC,https://www.youtube.com/@KCOC/shorts,,,,,
true,70,kcoc_shorts,short,https://www.youtube.com/shorts/lw3WMK0BOTA,"Служіння дітям, які пережили окупацію. Село Козаровичи.",uk,KCOC,https://www.youtube.com/@KCOC/shorts,,,,,
true,71,kcoc_shorts,short,https://www.youtube.com/shorts/unCTnAEy4Ys,Проходь повз!,uk,KCOC,https://www.youtube.com/@KCOC/shorts,,,,,
true,72,kcoc_shorts,short,https://www.youtube.com/shorts/lEdwO-PP-zU,Великдень наближається... Максим Лівшиць,uk,KCOC,https://www.youtube.com/@KCOC/shorts,,,,,
true,73,kcoc_shorts,short,https://www.youtube.com/shorts/muUkJpBysro,Хрещення Маші Акімової 01.04.23,uk,KCOC,https://www.youtube.com/@KCOC/shorts,,,,,
true,74,kcoc_shorts,short,https://www.youtube.com/shorts/hIhUeTa8j1E,"Пісня ""Океани""",uk,KCOC,https://www.youtube.com/@KCOC/shorts,,,,,
true,75,kcoc_shorts,short,https://www.youtube.com/shorts/SMgPHOmi5Do,Богослужіння: Втішені Богом. Роман Гузік,uk,KCOC,https://www.youtube.com/@KCOC/shorts,,,,,
true,76,kcoc_shorts,short,https://www.youtube.com/shorts/S2Dw_uC3fBs,...,uk,KCOC,https://www.youtube.com/@KCOC/shorts,,,,,
true,77,kcoc_shorts,short,https://www.youtube.com/shorts/w_sfnpn7Cmw,"Бог простягає до нас руку і кличе нас, але Він не змушує нас прийти. Він чекає на нас.",uk,KCOC,https://www.youtube.com/@KCOC/shorts,,,,,
true,78,kcoc_shorts,short,https://www.youtube.com/shorts/6CDPBlg842I,"Хочемо поділитися з вами частинкою виїзду для молодіжних служителів ""Наша роль під час війни""",uk,KCOC,https://www.youtube.com/@KCOC/shorts,,,,,
true,79,kcoc_shorts,short,https://www.youtube.com/shorts/Jwtekt9V4p8,Вместе с Тобой!,uk,KCOC,https://www.youtube.com/@KCOC/shorts,,,,,
true,80,kcoc_shorts,short,https://www.youtube.com/shorts/E-x4Pezsy0M,"Я вірю в Сонце, навіть коли воно не світить! Я вірю в Бога, навіть коли Він мовчить! 🙏🕊️",uk,KCOC,https://www.youtube.com/@KCOC/shorts,,,,,
true,81,kcoc_shorts,short,https://www.youtube.com/shorts/Tuoq5azmT5Y,Сенс і мета єдності. Максим Дубовський,uk,KCOC,https://www.youtube.com/@KCOC/shorts,,,,,
true,82,kcoc_shorts,short,https://www.youtube.com/shorts/HS5QoteTIXE,"А ви сьогодні вже читали Біблію? 📖Поділіться в коментарях, яку тему або уривок ви сьогодні вивчали👇",uk,KCOC,https://www.youtube.com/@KCOC/shorts,,,,,
true,83,kcoc_shorts,short,https://www.youtube.com/shorts/lsfJWwos6K8,Приймайте один одного / Недільне богослужіння / Віталій Рацюк,uk,KCOC,https://www.youtube.com/@KCOC/shorts,,,,,
true,84,kcoc_shorts,short,https://www.youtube.com/shorts/NVGdpWk_egQ,"Зробіть скрін екрану та пізнаєте,що таке справжнє кохання❤️ Напиши в коментарях твій улюблений вірш🔥",uk,KCOC,https://www.youtube.com/@KCOC/shorts,,,,,
true,85,kcoc_shorts,short,https://www.youtube.com/shorts/j-0h4vYGzxA,Семінар для молоді «Міфи про романтику»,uk,KCOC,https://www.youtube.com/@KCOC/shorts,,,,,
true,86,kcoc_shorts,short,https://www.youtube.com/shorts/FWCPDJbDc24,Служи своим родителям #ксос #кцх #kievchurch,uk,KCOC,https://www.youtube.com/@KCOC/shorts,,,,,
true,87,kcoc_shorts,short,https://www.youtube.com/shorts/xULTrbBhA-Y,Лафхак всім хлопцям про дівчат #ксос #кцх,uk,KCOC,https://www.youtube.com/@KCOC/shorts,,,,,
true,88,kcoc_shorts,short,https://www.youtube.com/shorts/03Vu9B0V1YA,Бог закладає принцип майбутніх поколінь. #ксос #кцх #kievchurch #kcoc #kcocua,uk,KCOC,https://www.youtube.com/@KCOC/shorts,,,,,
true,89,kcoc_shorts,short,https://www.youtube.com/shorts/2TuSvkWfZg0,"25.02.23, 13:00 / Запрошення на семінар для молоді про стосунки",uk,KCOC,https://www.youtube.com/@KCOC/shorts,,,,,
true,90,kcoc_shorts,short,https://www.youtube.com/shorts/gym_inIvuoI,"Запрошуємо на семінар для молоді / 11.02.23, 13:00",uk,KCOC,https://www.youtube.com/@KCOC/shorts,,,,,
true,91,kcoc_shorts,short,https://www.youtube.com/shorts/wVW7K1utz18,Святой Дух соединяет Творца и Его творение #ксосua #кцх #shorts,ru,KCOC,https://www.youtube.com/@KCOC/shorts,,,,,
true,92,kcoc_shorts,short,https://www.youtube.com/shorts/ABGzgzbt_EI,Камон! ✌️Вчора затусили підлітки. 🤓 #kievchurch #ксосua #shorts,uk,KCOC,https://www.youtube.com/@KCOC/shorts,,,,,
true,93,kcoc_shorts,short,https://www.youtube.com/shorts/XjNdbhnA7Xo,"Запрошення на семінар для молоді про стосунки / 28.01.23, 13:00",uk,KCOC,https://www.youtube.com/@KCOC/shorts,,,,,
true,94,kcoc_shorts,short,https://www.youtube.com/shorts/7sGMtev_IGQ,Молодіжне зібрання / 21.01.23 @kcoc,uk,KCOC,https://www.youtube.com/@KCOC/shorts,,,,,
true,1,odesa_videos,video,https://www.youtube.com/watch?v=c0C6I1JcD1Q,Причини по которым ваши планы рушатся. Неужели Бог иногда ПРЕПЯТСТВУЕТ вашим планам?,ru,Odesa Church,https://www.youtube.com/@OdesaChurch/videos,,,,,
true,2,odesa_videos,video,https://www.youtube.com/watch?v=EbjBsl76C4s,"ОШИБКА, которую совершают все при поиске Бога",ru,Odesa Church,https://www.youtube.com/@OdesaChurch/videos,,,,,
true,3,odesa_videos,video,https://www.youtube.com/watch?v=rM0uVYmALG0,Почему старые методы больше не работают? Твои стереотипы блокируют Божье чудо!,ru,Odesa Church,https://www.youtube.com/@OdesaChurch/videos,,,,,
true,4,odesa_videos,video,https://www.youtube.com/watch?v=WTpkvkvNNlY,Как слышать голос Бога,ru,Odesa Church,https://www.youtube.com/@OdesaChurch/videos,,,,,
true,5,odesa_videos,video,https://www.youtube.com/watch?v=1-k7iHfhcXk,Как превратить земные деньги в небесный капитал,ru,Odesa Church,https://www.youtube.com/@OdesaChurch/videos,,,,,
true,6,odesa_videos,video,https://www.youtube.com/watch?v=mDWS2AQRQ_4,Код Апокаліпсису: три події перед фіналом.,uk,Odesa Church,https://www.youtube.com/@OdesaChurch/videos,,,,,
true,7,odesa_videos,video,https://www.youtube.com/watch?v=BDFx34_Sq6o,Неужели большинство проповедей похожие?! Ради чего тогда их слушать?,uk,Odesa Church,https://www.youtube.com/@OdesaChurch/videos,,,,,
true,8,odesa_videos,video,https://www.youtube.com/watch?v=iXn9KqRWuS4,Ты неосознано отрекся от Христа,ru,Odesa Church,https://www.youtube.com/@OdesaChurch/videos,,,,,
true,9,odesa_videos,video,https://www.youtube.com/watch?v=rFjExq-bNqU,Твоя идеальность — твой самый большой грех,ru,Odesa Church,https://www.youtube.com/@OdesaChurch/videos,,,,,
true,10,odesa_videos,video,https://www.youtube.com/watch?v=6skEAhUEogc,Що таке молитва насправді? Більше ніж ритуал: як увійти у присутність Бога,uk,Odesa Church,https://www.youtube.com/@OdesaChurch/videos,,,,,
true,11,odesa_videos,video,https://www.youtube.com/watch?v=0rSzda2Qxsw,"Бог якого ти уявляєш, може не існувати.",uk,Odesa Church,https://www.youtube.com/@OdesaChurch/videos,,,,,
true,12,odesa_videos,video,https://www.youtube.com/watch?v=FdSkNnkHJWg,Ти вже улюблений. І саме тому тебе атакують,uk,Odesa Church,https://www.youtube.com/@OdesaChurch/videos,,,,,
true,13,odesa_videos,video,https://www.youtube.com/watch?v=bNXWzGNAis8,"Ця істина або звільнить тебе, або розлютить",uk,Odesa Church,https://www.youtube.com/@OdesaChurch/videos,,,,,
true,14,odesa_videos,video,https://www.youtube.com/watch?v=229S_eptqc0,Ты не потерян для Бога — даже когда стыдно за себя,ru,Odesa Church,https://www.youtube.com/@OdesaChurch/videos,,,,,
true,15,odesa_videos,video,https://www.youtube.com/watch?v=RdDcTbM9wHc,Секрет легкого християнського життя,uk,Odesa Church,https://www.youtube.com/@OdesaChurch/videos,,,,,
true,16,odesa_videos,video,https://www.youtube.com/watch?v=Z9Xz-5MTsgE,"Бог не даст больше, чем ты можешь вынести: Как найти силы сегодня?",ru,Odesa Church,https://www.youtube.com/@OdesaChurch/videos,,,,,
true,17,odesa_videos,video,https://www.youtube.com/watch?v=HlwxZ64z5Ww,Устал притворяться? Как перестать играть роль и быть собой,ru,Odesa Church,https://www.youtube.com/@OdesaChurch/videos,,,,,
true,18,odesa_videos,video,https://www.youtube.com/watch?v=-U8ffuMhpDo,"Как молиться, чтобы Бог ответил? Урок царя Езекии",ru,Odesa Church,https://www.youtube.com/@OdesaChurch/videos,,,,,
true,19,odesa_videos,video,https://www.youtube.com/watch?v=unpC9vfRK7Y,Чи можливо любити ворога під час війни?,uk,Odesa Church,https://www.youtube.com/@OdesaChurch/videos,,,,,
true,20,odesa_videos,video,https://www.youtube.com/watch?v=K_634Lev734,Как жизнь христиан влияет на мнение людей о Христе,ru,Odesa Church,https://www.youtube.com/@OdesaChurch/videos,,,,,
true,21,odesa_videos,video,https://www.youtube.com/watch?v=B2gi15gnhz8,Почему современная церковь теряет силу Благовествования,ru,Odesa Church,https://www.youtube.com/@OdesaChurch/videos,,,,,
true,22,odesa_videos,video,https://www.youtube.com/watch?v=VW_ZE2vBeCQ,"Где Бог, когда я страдаю?",ru,Odesa Church,https://www.youtube.com/@OdesaChurch/videos,,,,,
true,23,odesa_videos,video,https://www.youtube.com/watch?v=7uQaH2MoFcI,"«Где Ты, Бог?» Ты задавал этот вопрос?",ru,Odesa Church,https://www.youtube.com/@OdesaChurch/videos,,,,,
true,24,odesa_videos,video,https://www.youtube.com/watch?v=KroWZEy3QmY,История царя Навуходоносора: гордость и смирение,ru,Odesa Church,https://www.youtube.com/@OdesaChurch/videos,,,,,
true,25,odesa_videos,video,https://www.youtube.com/watch?v=y0sJMMdfK_0,Почему Бог ломает твою гордость?,ru,Odesa Church,https://www.youtube.com/@OdesaChurch/videos,,,,,
true,26,odesa_videos,video,https://www.youtube.com/watch?v=Sxv-7IwP_wg,Роль Святого Духа во времена страданий,uk,Odesa Church,https://www.youtube.com/@OdesaChurch/videos,,,,,
true,27,odesa_videos,video,https://www.youtube.com/watch?v=UrvIx8fJzRk,"Путь, истина и жизнь: как достичь места, приготовленного Иисусом?",ru,Odesa Church,https://www.youtube.com/@OdesaChurch/videos,,,,,
